 Order ID,Customer Name ,customer_email,Order Date,Status,Amount ($),Qty,Product,Region,Notes,
10449,  Priya Haddad,priya.haddad@example.com,3/1/2026,Shipped ,$847.06,1,Standing desk,Central,Call before delivery,
10435,  Maria Lopez,maria.lopez@example.com,2026-02-23,pending,$859.79,1,Office chair,East,,
10465,  Felix Novak,,3/22/2026,SHIPPED ,"$1,386.10",2,Webcam,East,,
10486,James Novak,james.novak@example.com,7 Mar 2026,Shipped ,$75.93,2,Cable kit,West,,
10437,Priya Berg,priya.berg@example.com,2026-04-27,SHIPPED ,1522.3,1,Monitor arm,North,Gift wrap,
10470,Nora ONeil,nora.oneil@example.com,2026-02-03,Shipped,619.3,1,Headset,Central,,
10459,Ethan Fischer,ethan.fischer@example.com,2026-05-17, Pending,1336.98,3,Standing desk,Central,null,
10477,Liam Walsh,-,4/7/2026,shipped," 1,505.12 ",1,Office chair,East,Gift wrap,
10474,  Nora ONeil,nora.oneil@example.com,2026-06-01,Shipped ,1352.9,2,Cable kit,West,,
10503,Nora Carter,nora.carter@example.com,2026-01-24,Shipped,$121.02,3,Office chair,South,,
10467,James Hughes  ,james.hughes@example.com,9 Feb 2026,SHIPPED ,375.92,1,Standing desk,West,,
,,,,,,,,,,
10457,  Daniel Carter,daniel.carter@example.com,2026-02-01,Shipped,$911.33,3,Keyboard,South,Call before delivery,
10493,Sofia Brooks  ,sofia.brooks@example.com,26 May 2026,Shipped ," 1,882.00 ",1,Desk lamp,N/A,,
10441,Hannah Rossi  ,hannah.rossi@example.com,2026-02-02,refunded,"(1,706.68)",3,Desk lamp,Central,Gift wrap,
10454,Sofia Haddad,sofia.haddad@example.com,1 Jan 2026,shipped,985.8,1,Headset,North,Leave at door ,
10502,Maria Lopez  ,maria.lopez@example.com,3/8/2026,Shipped ,1591.7,2,Webcam,North,,
10464,  Nora Rossi,nora.rossi@example.com,2/3/2026,Pending,"$1,424.27",1,Webcam,South,Call before delivery,
10453,Sofia Fischer,sofia.fischer@example.com,2026-02-04,refunded,(113.71),1,Cable kit,East,Call before delivery,
10427,  Maria Park,maria.park@example.com,2026-01-16,SHIPPED ,262.2,1,Headset,West,,
10440,Lena Lopez,lena.lopez@example.com,5/21/2026,shipped,834.56,1,Keyboard,South,,
10461,Aisha Khan  ,aisha.khan@example.com,26 Mar 2026,SHIPPED ,$460.40,1,Cable kit,West,Gift wrap,
10434,Carlos Haddad,carlos.haddad@example.com,2026-06-17,shipped,1171.87,1,Cable kit,West,Leave at door ,
10476,Daniel Walsh,daniel.walsh@example.com,2026-04-22,Shipped , 178.81 ,1,Monitor arm,South,,
10426,Omar Novak  ,omar.novak@example.com,27 Jan 2026,SHIPPED , 910.30 ,1,Headset,,,
10494,Daniel Walsh,daniel.walsh@example.com,2026-06-19,Shipped,$718.81,1,Webcam,East,null,
10484,Liam Carter  ,n/a,2026-03-23,CANCELLED,231.8,1,Desk lamp,East,,
10483,  Daniel Rossi,daniel.rossi@example.com,2026-04-16,Pending,930.90,1,Desk lamp,South,Gift wrap,
10437,Priya Berg,priya.berg@example.com,2026-04-27,SHIPPED ,1522.3,1,Monitor arm,North,Gift wrap,
10429,Sofia Hughes,sofia.hughes@example.com,12 Apr 2026,pending,1810.8,3,Headset,North,Gift wrap,
10443,Carlos Lopez,carlos.lopez@example.com,2026-03-20, Pending,$135.10,3,Office chair,West,null,
10463,Felix Hughes  ,felix.hughes@example.com,2026-03-15,Shipped," 1,886.40 ",3,Cable kit,North,Gift wrap,
10500,Daniel Miller  ,daniel.miller@example.com,2026-06-16,shipped,97.42,3,Office chair,East,,
10446,Daniel Rossi  ,daniel.rossi@example.com,2026-02-27,Shipped ,247.65,2,Keyboard,South,Gift wrap,
10501,James Berg,james.berg@example.com,3/18/2026,cancelled,1239.2,1,Cable kit,West,Gift wrap,
10487,James Rossi,james.rossi@example.com,4/11/2026,SHIPPED ," 1,819.46 ",3,Keyboard,,Leave at door ,
10491,Ethan Rossi  ,ethan.rossi@example.com,2026-03-24,Shipped , 484.17 ,1,Standing desk,East,Call before delivery,
10423,Daniel Carter  ,daniel.carter@example.com,2026-01-08,shipped,$563.47,1,Office chair,Central,,
10485,  Grace Haddad,grace.haddad@example.com,1/1/2026,Shipped, 679.76 ,1,Headset,South,Gift wrap,
,,,,,,,,,,
10460,James Fischer  ,james.fischer@example.com,1/13/2026,CANCELLED,$114.47,1,Cable kit,South,Gift wrap,
10431,Tom Novak  ,tom.novak@example.com,2026-02-03,refunded,(324.13),1,Webcam,North,,
10425,Felix Berg  ,felix.berg@example.com,2026-04-03,Shipped ,$329.13,1,Webcam,West,Gift wrap,
10451,  James Reyes,james.reyes@example.com,1 Mar 2026,pending,$176.44,1,Webcam,N/A,,
10498,Aisha Miller  ,aisha.miller@example.com,3/25/2026,Shipped,116.19,1,Monitor arm,West,,
10455,  Priya Brooks,priya.brooks@example.com,5/24/2026,pending,1879.1,1,Monitor arm,North,,
10456,Aisha Miller  ,aisha.miller@example.com,3/20/2026,SHIPPED , 104.05 ,1,Webcam,West,,
10496,Felix Novak,felix.novak@example.com,6/13/2026,Pending,1220.7,1,Keyboard,West,Leave at door ,
10497,  Liam Carter,liam.carter@example.com,14 Mar 2026,SHIPPED ,1230.62,2,Headset,South,,
10493,Sofia Brooks  ,sofia.brooks@example.com,26 May 2026,Shipped ," 1,882.00 ",1,Desk lamp,N/A,,
10432,Aisha Nair  ,aisha.nair@example.com,9 May 2026,refunded,(910.40),1,Standing desk,West,Gift wrap,
10439,Hannah Khan  ,hannah.khan@example.com,2026-03-24,Refunded,(338.61),1,Webcam,Central,Gift wrap,
10424,Tom Khan  ,,2026-03-22,SHIPPED ,894.33,2,Standing desk,South,null,
10502,Maria Lopez  ,maria.lopez@example.com,3/8/2026,Shipped ,1591.7,2,Webcam,North,,
10422,Lena Miller  ,-,2026-01-12, Pending,422.6,1,Desk lamp,North,,
10506,Priya Rossi  ,priya.rossi@example.com,3/12/2026,shipped,$777.52,1,Desk lamp,West,,
10447,Lena Haddad,lena.haddad@example.com,15 Feb 2026,Shipped,767.7,2,Webcam,South,,
10490,Liam Walsh,liam.walsh@example.com,7 Jan 2026,Shipped ,1877.25,2,Standing desk,South,Gift wrap,
10504,Felix Hughes,felix.hughes@example.com,8 May 2026,SHIPPED ,1166.64,1,Keyboard,Central,,
10499,Ethan Reyes  ,ethan.reyes@example.com,2026-01-04,shipped,586.0,1,Standing desk,West,,
10488,Aisha Lopez,aisha.lopez@example.com,2026-05-15,refunded,"(1,503.82)",2,Keyboard,South,Gift wrap,
10495,  James Haddad,james.haddad@example.com,2/9/2026,shipped,"$1,550.72",1,Office chair,East,,
10469,Sofia Miller  ,sofia.miller@example.com,18 Mar 2026,Pending,333.59,1,Cable kit,Central,null,
10468,Liam Park  ,liam.park@example.com,5/28/2026,Shipped," 1,733.38 ",3,Keyboard,West,Gift wrap,
10461,Aisha Khan  ,aisha.khan@example.com,26 Mar 2026,SHIPPED ,$460.40,1,Cable kit,West,Gift wrap,
10466,Grace Walsh,grace.walsh@example.com,5/10/2026,Shipped,$757.65,3,Keyboard,West,null,
10428,Lena ONeil  ,lena.oneil@example.com,2026-03-12,pending,"$1,819.53",1,Cable kit,South,,
10450,  Tom Khan,tom.khan@example.com,6 Jun 2026,shipped," 1,560.18 ",1,Standing desk,Central,Call before delivery,
10458,Lena Miller  ,,10 Mar 2026,Pending," 1,119.90 ",3,Cable kit,South,Leave at door ,
10489,  Daniel Berg,daniel.berg@example.com,2026-06-26, Pending,389.9,1,Webcam,North,Leave at door ,
10433,Tom Berg  ,tom.berg@example.com,6/23/2026,Shipped,$404.80,3,Keyboard,Central,,
10472,  Priya Miller,priya.miller@example.com,1/16/2026,SHIPPED ,255.64,3,Headset,South,,
10479,Daniel Brooks,daniel.brooks@example.com,21 May 2026,Shipped, 383.94 ,2,Office chair,South,Leave at door ,
10444,Sofia Carter,sofia.carter@example.com,2026-04-01,Pending, 852.31 ,3,Cable kit,Central,Call before delivery,
10479,Daniel Brooks,daniel.brooks@example.com,21 May 2026,Shipped, 383.94 ,2,Office chair,South,Leave at door ,
,,,,,,,,,,
10481,James Berg  ,james.berg@example.com,5/13/2026,SHIPPED ,1408.56,3,Office chair,West,,
10462,James Nair,james.nair@example.com,9 Mar 2026, Pending, 591.30 ,3,Standing desk,West,,
